date,day_name,actual,expected_trend_x_season,pct_vs_expected,robust_z,holiday_name,booknow_missing,direction,severity
2023-01-29,Sunday,28778.0,20691.0,39.08676554340873,4.806269808789337,,0,spike,moderate
2023-02-10,Friday,21899.0,7639.0,186.6838472386303,15.29275301604949,,0,spike,extreme
2023-02-18,Saturday,9311.0,12709.0,-26.736099375740164,-4.487683416563425,Maha Shivaratri,0,dip,moderate
2023-02-25,Saturday,10876.0,15046.0,-27.716375927100103,-4.682983538046132,,0,dip,moderate
2023-02-27,Monday,27554.0,18699.0,47.356681742223806,5.643673909973571,,0,spike,moderate
2023-02-28,Tuesday,19303.0,8116.0,137.84562750817742,12.58504506219415,,0,spike,extreme
2023-03-04,Saturday,21487.0,15602.0,37.71620515206535,4.662693383811723,,0,spike,moderate
2023-03-06,Monday,9615.0,16585.0,-42.026330855708046,-7.8814717165725225,,0,dip,extreme
2023-03-11,Saturday,29216.0,22968.0,27.201506372034245,3.511187383298037,,0,spike,moderate
2023-03-13,Monday,11649.0,18788.0,-37.996544509333106,-6.907157310018234,,0,dip,moderate
2023-03-28,Tuesday,16210.0,10688.0,51.662058887391616,6.061210907042828,,0,spike,moderate
2023-03-29,Wednesday,18161.0,12856.0,41.27017528422261,5.032101490056793,,0,spike,moderate
2023-03-30,Thursday,23389.0,15581.0,50.11684531676765,5.912735136420361,Ram Navami,0,spike,moderate
2023-04-01,Saturday,24068.0,38983.0,-38.26104583463816,-6.969138812714355,,0,dip,moderate
2023-04-02,Sunday,19404.0,27929.0,-30.52334924223882,-5.257222507676739,,0,dip,moderate
2023-04-03,Monday,9224.0,14349.0,-35.716555341963996,-6.383588424953072,,0,dip,moderate
2023-04-10,Monday,8547.0,11939.0,-28.410323944934067,-4.822846350871289,,0,dip,moderate
2023-04-17,Monday,9568.0,13316.0,-28.147100303140792,-4.769635590863524,,0,dip,moderate
2023-04-24,Monday,10028.0,14812.0,-32.29661345873448,-5.632073686729308,,0,dip,moderate
2023-04-28,Friday,32389.0,13517.0,139.62093971997507,12.692861736325195,,0,spike,extreme
2023-04-29,Saturday,19361.0,35172.0,-44.95357771904085,-8.632667239479998,,0,dip,extreme
2023-05-02,Tuesday,14486.0,7203.0,101.09926186601106,10.151865320032122,,0,spike,extreme
2023-05-03,Wednesday,17933.0,7986.0,124.54996144078065,11.751040733101691,,0,spike,extreme
2023-05-04,Thursday,16253.0,10446.0,55.59383903469841,6.43228861058083,,0,spike,moderate
2023-05-06,Saturday,13774.0,25222.0,-45.38953503260519,-8.747949503857878,,0,dip,extreme
2023-06-01,Thursday,8241.0,11554.0,-28.67602813465452,-4.876757346723138,,0,dip,moderate
2023-06-02,Friday,7993.0,10920.0,-26.802707370999446,-4.500870719432577,,0,dip,moderate
2023-07-17,Monday,17839.0,10496.0,69.95716517314786,7.7124660600797315,,0,spike,extreme
2023-08-10,Thursday,25329.0,14673.0,72.61767564082338,7.93766710181376,,1,spike,extreme
2023-08-12,Saturday,20144.0,31868.0,-36.78978957273677,-6.627688750608891,,1,dip,moderate
2023-08-13,Sunday,20675.0,26513.0,-22.020789650236992,-3.5833521415017406,,1,dip,moderate
2023-08-14,Monday,15983.0,11316.0,41.248187867479835,5.029844759633989,,1,spike,moderate
2023-08-15,Tuesday,12723.0,8812.0,44.38657476069765,5.34845890542994,Independence Day,1,spike,moderate
2023-09-01,Friday,8068.0,11735.0,-31.250263126351175,-5.40971489563897,,1,dip,moderate
2023-09-18,Monday,19356.0,11103.0,74.33153063126635,8.080906953880396,,1,spike,extreme
2023-09-21,Thursday,23602.0,13370.0,76.52664801924567,8.26232645489384,,1,spike,extreme
2023-09-23,Saturday,23653.0,30915.0,-23.49016698663854,-3.8591563607079618,,1,dip,moderate
2023-10-09,Monday,19516.0,11134.0,75.2756744554659,8.159215830561823,,1,spike,extreme
2023-11-01,Wednesday,9079.0,12076.0,-24.81770468230816,-4.112930323228645,,0,dip,moderate
2023-11-02,Thursday,24164.0,14769.0,63.61465885738418,7.161054267647358,,0,spike,extreme
2023-11-04,Saturday,23167.0,32166.0,-27.97565492055294,-4.73508256842143,,0,dip,moderate
2023-11-22,Wednesday,33446.0,13749.0,143.256172372906,12.911162849779227,,0,spike,extreme
2023-12-01,Friday,14955.0,20895.0,-28.42646280480594,-4.826115190176438,,0,dip,moderate
2023-12-09,Saturday,107393.0,63930.0,67.98608820388156,7.543337526332691,,0,spike,extreme
2023-12-16,Saturday,167804.0,103473.0,62.17206539216449,7.032654105461873,,0,spike,extreme
2023-12-18,Monday,33169.0,44658.0,-25.726098530191233,-4.289175711515591,,0,dip,moderate
2023-12-22,Friday,156559.0,60865.0,157.22417768783666,13.72065439248199,,0,spike,extreme
2023-12-23,Saturday,55835.0,147665.0,-62.188013477878954,-14.077577835809901,,0,dip,extreme
2023-12-24,Sunday,52697.0,164986.0,-68.05962240737935,-16.524269839096743,,0,dip,extreme
2023-12-25,Monday,31448.0,57503.0,-45.31041484905517,-8.726959179144036,Christmas,0,dip,extreme
2023-12-28,Thursday,75049.0,50735.0,47.922300155995146,5.699218746392925,,0,spike,moderate
2023-12-29,Friday,78769.0,38961.0,102.17151677373425,10.228965336092859,,0,spike,extreme
2023-12-31,Sunday,15989.0,72297.0,-77.88433707035,-21.85368798636767,,0,dip,extreme
2024-01-01,Monday,13306.0,21225.0,-37.310148998336516,-6.7475371153600445,New Year's Day,0,dip,moderate
2024-01-02,Tuesday,31541.0,13923.0,126.54124536493647,11.879044810406123,,0,spike,extreme
2024-01-03,Wednesday,23734.0,15152.0,56.64353865174245,6.529772745078012,,0,spike,moderate
2024-01-08,Monday,27862.0,13244.0,110.37461373711336,10.805618566989859,,0,spike,extreme
2024-01-09,Tuesday,15892.0,10148.0,56.60218443428047,6.525944613859973,,0,spike,moderate
2024-02-01,Thursday,15311.0,21301.0,-28.11932302145713,-4.764031777381104,,0,dip,moderate
2024-02-02,Friday,14318.0,20158.0,-28.971769815272864,-4.936999588929804,,0,dip,moderate
2024-02-03,Saturday,36956.0,48026.0,-23.049331439010157,-3.7758585964628604,,0,dip,moderate
